1,/Users/wulimin/Desktop/WebTextCharacter/passages/文章copy1,文章 copy 1
2,/Users/wulimin/Desktop/WebTextCharacter/passages/文章copy2,文章 copy 2
3,/Users/wulimin/Desktop/WebTextCharacter/passages/文章copy3,文章 copy 3
4,/Users/wulimin/Desktop/WebTextCharacter/passages/文章copy4,文章 copy 4
5,/Users/wulimin/Desktop/WebTextCharacter/passages/文章copy5,文章 copy 5
6,/Users/wulimin/Desktop/WebTextCharacter/passages/文章copy6,文章 copy 6
7,/Users/wulimin/Desktop/WebTextCharacter/passages/文章copy7,文章 copy 7
8,/Users/wulimin/Desktop/WebTextCharacter/passages/文章copy8,文章 copy 8
9,/Users/wulimin/Desktop/WebTextCharacter/passages/文章copy9,文章 copy 9
10,/Users/wulimin/Desktop/WebTextCharacter/passages/文章copy10,文章 copy 10
11,/Users/wulimin/Desktop/WebTextCharacter/passages/文章copy11,文章 copy 11
12,/Users/wulimin/Desktop/WebTextCharacter/passages/文章copy12,文章 copy 12
13,/Users/wulimin/Desktop/WebTextCharacter/passages/文章copy13,文章 copy 13
14,/Users/wulimin/Desktop/WebTextCharacter/passages/文章copy14,文章 copy 14
15,/Users/wulimin/Desktop/WebTextCharacter/passages/文章copy15,文章 copy 15
16,/Users/wulimin/Desktop/WebTextCharacter/passages/文章copy16,文章 copy 16
17,/Users/wulimin/Desktop/WebTextCharacter/passages/文章copy17,文章 copy 17
18,/Users/wulimin/Desktop/WebTextCharacter/passages/文章copy18,文章 copy 18
19,/Users/wulimin/Desktop/WebTextCharacter/passages/文章copy19,文章 copy 19
20,/Users/wulimin/Desktop/WebTextCharacter/passages/文章copy20,文章 copy 20
21,/Users/wulimin/Desktop/WebTextCharacter/passages/文章copy21,文章 copy 21
22,/Users/wulimin/Desktop/WebTextCharacter/passages/文章copy22,文章 copy 22
23,/Users/wulimin/Desktop/WebTextCharacter/passages/文章copy23,文章 copy 23
24,/Users/wulimin/Desktop/WebTextCharacter/passages/文章copy24,文章 copy 24
25,/Users/wulimin/Desktop/WebTextCharacter/passages/文章copy25,文章 copy 25
26,/Users/wulimin/Desktop/WebTextCharacter/passages/文章copy26,文章 copy 26
27,/Users/wulimin/Desktop/WebTextCharacter/passages/文章copy27,文章 copy 27
28,/Users/wulimin/Desktop/WebTextCharacter/passages/文章copy28,文章 copy 28
29,/Users/wulimin/Desktop/WebTextCharacter/passages/文章copy29,文章 copy 29
30,/Users/wulimin/Desktop/WebTextCharacter/passages/文章copy30,文章 copy 30
31,/Users/wulimin/Desktop/WebTextCharacter/passages/文章copy31,文章 copy 31
32,/Users/wulimin/Desktop/WebTextCharacter/passages/文章copy32,文章 copy 32
33,/Users/wulimin/Desktop/WebTextCharacter/passages/文章copy33,文章 copy 33
34,/Users/wulimin/Desktop/WebTextCharacter/passages/文章copy34,文章 copy 34
35,/Users/wulimin/Desktop/WebTextCharacter/passages/文章copy35,文章 copy 35
36,/Users/wulimin/Desktop/WebTextCharacter/passages/文章copy36,文章 copy 36
37,/Users/wulimin/Desktop/WebTextCharacter/passages/文章copy37,文章 copy 37
38,/Users/wulimin/Desktop/WebTextCharacter/passages/文章copy38,文章 copy 38
39,/Users/wulimin/Desktop/WebTextCharacter/passages/文章copy39,文章 copy 39
40,/Users/wulimin/Desktop/WebTextCharacter/passages/文章copy40,文章 copy 40
41,/Users/wulimin/Desktop/WebTextCharacter/passages/文章copy41,文章 copy 41
42,/Users/wulimin/Desktop/WebTextCharacter/passages/文章copy42,文章 copy 42
43,/Users/wulimin/Desktop/WebTextCharacter/passages/文章copy43,文章 copy 43
44,/Users/wulimin/Desktop/WebTextCharacter/passages/文章copy44,文章 copy 44
45,/Users/wulimin/Desktop/WebTextCharacter/passages/文章copy45,文章 copy 45
46,/Users/wulimin/Desktop/WebTextCharacter/passages/文章copy46,文章 copy 46
47,/Users/wulimin/Desktop/WebTextCharacter/passages/文章copy47,文章 copy 47
48,/Users/wulimin/Desktop/WebTextCharacter/passages/文章copy48,文章 copy 48
49,/Users/wulimin/Desktop/WebTextCharacter/passages/文章copy49,文章 copy 49
50,/Users/wulimin/Desktop/WebTextCharacter/passages/文章copy50,文章 copy 50
51,/Users/wulimin/Desktop/WebTextCharacter/passages/文章copy51,文章 copy 51
52,/Users/wulimin/Desktop/WebTextCharacter/passages/文章copy52,文章 copy 52
53,/Users/wulimin/Desktop/WebTextCharacter/passages/文章copy53,文章 copy 53
54,/Users/wulimin/Desktop/WebTextCharacter/passages/文章copy54,文章 copy 54
55,/Users/wulimin/Desktop/WebTextCharacter/passages/文章copy55,文章 copy 55
56,/Users/wulimin/Desktop/WebTextCharacter/passages/文章copy56,文章 copy 56
57,/Users/wulimin/Desktop/WebTextCharacter/passages/文章copy57,文章 copy 57
58,/Users/wulimin/Desktop/WebTextCharacter/passages/文章copy58,文章 copy 58
59,/Users/wulimin/Desktop/WebTextCharacter/passages/文章copy59,文章 copy 59
60,/Users/wulimin/Desktop/WebTextCharacter/passages/文章copy60,文章 copy 60
61,/Users/wulimin/Desktop/WebTextCharacter/passages/文章copy61,文章 copy 61
62,/Users/wulimin/Desktop/WebTextCharacter/passages/文章copy62,文章 copy 62
63,/Users/wulimin/Desktop/WebTextCharacter/passages/文章copy63,文章 copy 63
64,/Users/wulimin/Desktop/WebTextCharacter/passages/文章copy64,文章 copy 64
65,/Users/wulimin/Desktop/WebTextCharacter/passages/文章copy65,文章 copy 65
66,/Users/wulimin/Desktop/WebTextCharacter/passages/文章copy66,文章 copy 66
67,/Users/wulimin/Desktop/WebTextCharacter/passages/文章copy67,文章 copy 67
68,/Users/wulimin/Desktop/WebTextCharacter/passages/文章copy68,文章 copy 68
69,/Users/wulimin/Desktop/WebTextCharacter/passages/文章copy69,文章 copy 69
70,/Users/wulimin/Desktop/WebTextCharacter/passages/文章copy70,文章 copy 70
71,/Users/wulimin/Desktop/WebTextCharacter/passages/文章copy71,文章 copy 71
72,/Users/wulimin/Desktop/WebTextCharacter/passages/文章copy72,文章 copy 72
73,/Users/wulimin/Desktop/WebTextCharacter/passages/文章copy73,文章 copy 73
74,/Users/wulimin/Desktop/WebTextCharacter/passages/文章copy74,文章 copy 74
75,/Users/wulimin/Desktop/WebTextCharacter/passages/文章copy75,文章 copy 75
76,/Users/wulimin/Desktop/WebTextCharacter/passages/文章copy76,文章 copy 76
77,/Users/wulimin/Desktop/WebTextCharacter/passages/文章copy77,文章 copy 77
78,/Users/wulimin/Desktop/WebTextCharacter/passages/文章copy78,文章 copy 78
79,/Users/wulimin/Desktop/WebTextCharacter/passages/文章copy79,文章 copy 79
80,/Users/wulimin/Desktop/WebTextCharacter/passages/文章copy80,文章 copy 80
81,/Users/wulimin/Desktop/WebTextCharacter/passages/文章copy81,文章 copy 81
82,/Users/wulimin/Desktop/WebTextCharacter/passages/文章copy82,文章 copy 82
83,/Users/wulimin/Desktop/WebTextCharacter/passages/文章copy83,文章 copy 83
84,/Users/wulimin/Desktop/WebTextCharacter/passages/文章copy84,文章 copy 84
85,/Users/wulimin/Desktop/WebTextCharacter/passages/文章copy85,文章 copy 85
86,/Users/wulimin/Desktop/WebTextCharacter/passages/文章copy86,文章 copy 86
87,/Users/wulimin/Desktop/WebTextCharacter/passages/文章copy87,文章 copy 87
88,/Users/wulimin/Desktop/WebTextCharacter/passages/文章copy88,文章 copy 88
89,/Users/wulimin/Desktop/WebTextCharacter/passages/文章copy89,文章 copy 89
90,/Users/wulimin/Desktop/WebTextCharacter/passages/文章copy90,文章 copy 90
91,/Users/wulimin/Desktop/WebTextCharacter/passages/文章copy91,文章 copy 91
92,/Users/wulimin/Desktop/WebTextCharacter/passages/文章copy92,文章 copy 92
93,/Users/wulimin/Desktop/WebTextCharacter/passages/文章copy93,文章 copy 93
94,/Users/wulimin/Desktop/WebTextCharacter/passages/文章copy94,文章 copy 94
95,/Users/wulimin/Desktop/WebTextCharacter/passages/文章copy95,文章 copy 95
96,/Users/wulimin/Desktop/WebTextCharacter/passages/文章copy96,文章 copy 96
97,/Users/wulimin/Desktop/WebTextCharacter/passages/文章copy97,文章 copy 97
98,/Users/wulimin/Desktop/WebTextCharacter/passages/文章copy98,文章 copy 98
99,/Users/wulimin/Desktop/WebTextCharacter/passages/文章copy99,文章 copy 99
100,/Users/wulimin/Desktop/WebTextCharacter/passages/文章copy100,文章 copy 100
101,/Users/wulimin/Desktop/WebTextCharacter/passages/文章copy101,文章 copy 101
102,/Users/wulimin/Desktop/WebTextCharacter/passages/文章copy102,文章 copy 102
103,/Users/wulimin/Desktop/WebTextCharacter/passages/文章copy103,文章 copy 103
104,/Users/wulimin/Desktop/WebTextCharacter/passages/文章copy104,文章 copy 104
105,/Users/wulimin/Desktop/WebTextCharacter/passages/文章copy105,文章 copy 105
106,/Users/wulimin/Desktop/WebTextCharacter/passages/文章copy106,文章 copy 106
107,/Users/wulimin/Desktop/WebTextCharacter/passages/文章copy107,文章 copy 107
108,/Users/wulimin/Desktop/WebTextCharacter/passages/文章copy108,文章 copy 108
109,/Users/wulimin/Desktop/WebTextCharacter/passages/文章copy109,文章 copy 109
110,/Users/wulimin/Desktop/WebTextCharacter/passages/文章copy110,文章 copy 110
111,/Users/wulimin/Desktop/WebTextCharacter/passages/文章copy111,文章 copy 111
112,/Users/wulimin/Desktop/WebTextCharacter/passages/文章copy112,文章 copy 112
113,/Users/wulimin/Desktop/WebTextCharacter/passages/文章copy113,文章 copy 113
114,/Users/wulimin/Desktop/WebTextCharacter/passages/文章copy114,文章 copy 114
115,/Users/wulimin/Desktop/WebTextCharacter/passages/文章copy115,文章 copy 115
116,/Users/wulimin/Desktop/WebTextCharacter/passages/文章copy116,文章 copy 116
117,/Users/wulimin/Desktop/WebTextCharacter/passages/文章copy117,文章 copy 117
118,/Users/wulimin/Desktop/WebTextCharacter/passages/文章copy118,文章 copy 118
119,/Users/wulimin/Desktop/WebTextCharacter/passages/文章copy119,文章 copy 119
120,/Users/wulimin/Desktop/WebTextCharacter/passages/文章copy120,文章 copy 120
121,/Users/wulimin/Desktop/WebTextCharacter/passages/文章copy121,文章 copy 121
122,/Users/wulimin/Desktop/WebTextCharacter/passages/文章copy122,文章 copy 122
123,/Users/wulimin/Desktop/WebTextCharacter/passages/文章copy123,文章 copy 123
124,/Users/wulimin/Desktop/WebTextCharacter/passages/文章copy124,文章 copy 124
125,/Users/wulimin/Desktop/WebTextCharacter/passages/文章copy125,文章 copy 125
126,/Users/wulimin/Desktop/WebTextCharacter/passages/文章copy126,文章 copy 126
127,/Users/wulimin/Desktop/WebTextCharacter/passages/文章copy127,文章 copy 127
128,/Users/wulimin/Desktop/WebTextCharacter/passages/文章copy128,文章 copy 128
129,/Users/wulimin/Desktop/WebTextCharacter/passages/文章copy129,文章 copy 129
130,/Users/wulimin/Desktop/WebTextCharacter/passages/文章copy130,文章 copy 130
131,/Users/wulimin/Desktop/WebTextCharacter/passages/文章copy131,文章 copy 131
132,/Users/wulimin/Desktop/WebTextCharacter/passages/文章copy132,文章 copy 132
133,/Users/wulimin/Desktop/WebTextCharacter/passages/文章copy133,文章 copy 133
134,/Users/wulimin/Desktop/WebTextCharacter/passages/文章copy134,文章 copy 134
135,/Users/wulimin/Desktop/WebTextCharacter/passages/文章copy135,文章 copy 135
136,/Users/wulimin/Desktop/WebTextCharacter/passages/文章copy136,文章 copy 136
137,/Users/wulimin/Desktop/WebTextCharacter/passages/文章copy137,文章 copy 137
138,/Users/wulimin/Desktop/WebTextCharacter/passages/文章copy138,文章 copy 138
139,/Users/wulimin/Desktop/WebTextCharacter/passages/文章copy139,文章 copy 139
140,/Users/wulimin/Desktop/WebTextCharacter/passages/文章copy140,文章 copy 140
141,/Users/wulimin/Desktop/WebTextCharacter/passages/文章copy141,文章 copy 141
142,/Users/wulimin/Desktop/WebTextCharacter/passages/文章copy142,文章 copy 142
143,/Users/wulimin/Desktop/WebTextCharacter/passages/文章copy143,文章 copy 143
144,/Users/wulimin/Desktop/WebTextCharacter/passages/文章copy144,文章 copy 144
145,/Users/wulimin/Desktop/WebTextCharacter/passages/文章copy145,文章 copy 145
146,/Users/wulimin/Desktop/WebTextCharacter/passages/文章copy146,文章 copy 146
147,/Users/wulimin/Desktop/WebTextCharacter/passages/文章copy147,文章 copy 147
148,/Users/wulimin/Desktop/WebTextCharacter/passages/文章copy148,文章 copy 148
149,/Users/wulimin/Desktop/WebTextCharacter/passages/文章copy149,文章 copy 149
150,/Users/wulimin/Desktop/WebTextCharacter/passages/文章copy150,文章 copy 150
151,/Users/wulimin/Desktop/WebTextCharacter/passages/文章copy151,文章 copy 151
152,/Users/wulimin/Desktop/WebTextCharacter/passages/文章copy152,文章 copy 152
153,/Users/wulimin/Desktop/WebTextCharacter/passages/文章copy153,文章 copy 153
154,/Users/wulimin/Desktop/WebTextCharacter/passages/文章copy154,文章 copy 154
155,/Users/wulimin/Desktop/WebTextCharacter/passages/文章copy155,文章 copy 155
156,/Users/wulimin/Desktop/WebTextCharacter/passages/文章copy156,文章 copy 156
157,/Users/wulimin/Desktop/WebTextCharacter/passages/文章copy157,文章 copy 157
158,/Users/wulimin/Desktop/WebTextCharacter/passages/文章copy158,文章 copy 158
159,/Users/wulimin/Desktop/WebTextCharacter/passages/文章copy159,文章 copy 159
160,/Users/wulimin/Desktop/WebTextCharacter/passages/文章copy160,文章 copy 160
161,/Users/wulimin/Desktop/WebTextCharacter/passages/文章copy161,文章 copy 161
162,/Users/wulimin/Desktop/WebTextCharacter/passages/文章copy162,文章 copy 162
163,/Users/wulimin/Desktop/WebTextCharacter/passages/文章copy163,文章 copy 163
164,/Users/wulimin/Desktop/WebTextCharacter/passages/文章copy164,文章 copy 164
165,/Users/wulimin/Desktop/WebTextCharacter/passages/文章copy165,文章 copy 165
166,/Users/wulimin/Desktop/WebTextCharacter/passages/文章copy166,文章 copy 166
167,/Users/wulimin/Desktop/WebTextCharacter/passages/文章copy167,文章 copy 167
168,/Users/wulimin/Desktop/WebTextCharacter/passages/文章copy168,文章 copy 168
169,/Users/wulimin/Desktop/WebTextCharacter/passages/文章copy169,文章 copy 169
170,/Users/wulimin/Desktop/WebTextCharacter/passages/文章copy170,文章 copy 170
171,/Users/wulimin/Desktop/WebTextCharacter/passages/文章copy171,文章 copy 171
172,/Users/wulimin/Desktop/WebTextCharacter/passages/文章copy172,文章 copy 172
173,/Users/wulimin/Desktop/WebTextCharacter/passages/文章copy173,文章 copy 173
174,/Users/wulimin/Desktop/WebTextCharacter/passages/文章copy174,文章 copy 174
175,/Users/wulimin/Desktop/WebTextCharacter/passages/文章copy175,文章 copy 175
176,/Users/wulimin/Desktop/WebTextCharacter/passages/文章copy176,文章 copy 176
177,/Users/wulimin/Desktop/WebTextCharacter/passages/文章copy177,文章 copy 177
178,/Users/wulimin/Desktop/WebTextCharacter/passages/文章copy178,文章 copy 178
179,/Users/wulimin/Desktop/WebTextCharacter/passages/文章copy179,文章 copy 179
180,/Users/wulimin/Desktop/WebTextCharacter/passages/文章copy180,文章 copy 180
181,/Users/wulimin/Desktop/WebTextCharacter/passages/文章copy181,文章 copy 181
182,/Users/wulimin/Desktop/WebTextCharacter/passages/文章copy182,文章 copy 182
183,/Users/wulimin/Desktop/WebTextCharacter/passages/文章copy183,文章 copy 183
184,/Users/wulimin/Desktop/WebTextCharacter/passages/文章copy184,文章 copy 184
185,/Users/wulimin/Desktop/WebTextCharacter/passages/文章copy185,文章 copy 185
186,/Users/wulimin/Desktop/WebTextCharacter/passages/文章copy186,文章 copy 186
187,/Users/wulimin/Desktop/WebTextCharacter/passages/文章copy187,文章 copy 187
188,/Users/wulimin/Desktop/WebTextCharacter/passages/文章copy188,文章 copy 188
189,/Users/wulimin/Desktop/WebTextCharacter/passages/文章copy189,文章 copy 189
190,/Users/wulimin/Desktop/WebTextCharacter/passages/文章copy190,文章 copy 190
191,/Users/wulimin/Desktop/WebTextCharacter/passages/文章copy191,文章 copy 191
192,/Users/wulimin/Desktop/WebTextCharacter/passages/文章copy192,文章 copy 192
193,/Users/wulimin/Desktop/WebTextCharacter/passages/文章copy193,文章 copy 193
194,/Users/wulimin/Desktop/WebTextCharacter/passages/文章copy194,文章 copy 194
195,/Users/wulimin/Desktop/WebTextCharacter/passages/文章copy195,文章 copy 195
196,/Users/wulimin/Desktop/WebTextCharacter/passages/文章copy196,文章 copy 196
197,/Users/wulimin/Desktop/WebTextCharacter/passages/文章copy197,文章 copy 197
198,/Users/wulimin/Desktop/WebTextCharacter/passages/文章copy198,文章 copy 198
199,/Users/wulimin/Desktop/WebTextCharacter/passages/文章copy199,文章 copy 199
200,/Users/wulimin/Desktop/WebTextCharacter/passages/文章copy200,文章 copy 200
201,/Users/wulimin/Desktop/WebTextCharacter/passages/文章copy201,文章 copy 201
202,/Users/wulimin/Desktop/WebTextCharacter/passages/文章copy202,文章 copy 202
203,/Users/wulimin/Desktop/WebTextCharacter/passages/文章copy203,文章 copy 203
204,/Users/wulimin/Desktop/WebTextCharacter/passages/文章copy204,文章 copy 204
205,/Users/wulimin/Desktop/WebTextCharacter/passages/文章copy205,文章 copy 205
206,/Users/wulimin/Desktop/WebTextCharacter/passages/文章copy206,文章 copy 206
207,/Users/wulimin/Desktop/WebTextCharacter/passages/文章copy207,文章 copy 207
208,/Users/wulimin/Desktop/WebTextCharacter/passages/文章copy208,文章 copy 208
209,/Users/wulimin/Desktop/WebTextCharacter/passages/文章copy209,文章 copy 209
210,/Users/wulimin/Desktop/WebTextCharacter/passages/文章copy210,文章 copy 210
211,/Users/wulimin/Desktop/WebTextCharacter/passages/文章copy211,文章 copy 211
212,/Users/wulimin/Desktop/WebTextCharacter/passages/文章copy212,文章 copy 212
213,/Users/wulimin/Desktop/WebTextCharacter/passages/文章copy213,文章 copy 213
214,/Users/wulimin/Desktop/WebTextCharacter/passages/文章copy214,文章 copy 214
215,/Users/wulimin/Desktop/WebTextCharacter/passages/文章copy215,文章 copy 215
216,/Users/wulimin/Desktop/WebTextCharacter/passages/文章copy216,文章 copy 216
217,/Users/wulimin/Desktop/WebTextCharacter/passages/文章copy217,文章 copy 217
218,/Users/wulimin/Desktop/WebTextCharacter/passages/文章copy218,文章 copy 218
219,/Users/wulimin/Desktop/WebTextCharacter/passages/文章copy219,文章 copy 219
220,/Users/wulimin/Desktop/WebTextCharacter/passages/文章copy220,文章 copy 220
221,/Users/wulimin/Desktop/WebTextCharacter/passages/文章copy221,文章 copy 221
222,/Users/wulimin/Desktop/WebTextCharacter/passages/文章copy222,文章 copy 222
223,/Users/wulimin/Desktop/WebTextCharacter/passages/文章copy223,文章 copy 223
224,/Users/wulimin/Desktop/WebTextCharacter/passages/文章copy224,文章 copy 224
225,/Users/wulimin/Desktop/WebTextCharacter/passages/文章copy225,文章 copy 225
226,/Users/wulimin/Desktop/WebTextCharacter/passages/文章copy226,文章 copy 226
227,/Users/wulimin/Desktop/WebTextCharacter/passages/文章copy227,文章 copy 227
228,/Users/wulimin/Desktop/WebTextCharacter/passages/文章copy228,文章 copy 228
229,/Users/wulimin/Desktop/WebTextCharacter/passages/文章copy229,文章 copy 229
230,/Users/wulimin/Desktop/WebTextCharacter/passages/文章copy230,文章 copy 230
231,/Users/wulimin/Desktop/WebTextCharacter/passages/文章copy231,文章 copy 231
232,/Users/wulimin/Desktop/WebTextCharacter/passages/文章copy232,文章 copy 232
233,/Users/wulimin/Desktop/WebTextCharacter/passages/文章copy233,文章 copy 233
234,/Users/wulimin/Desktop/WebTextCharacter/passages/文章copy234,文章 copy 234
235,/Users/wulimin/Desktop/WebTextCharacter/passages/文章copy235,文章 copy 235
236,/Users/wulimin/Desktop/WebTextCharacter/passages/文章copy236,文章 copy 236
237,/Users/wulimin/Desktop/WebTextCharacter/passages/文章copy237,文章 copy 237
238,/Users/wulimin/Desktop/WebTextCharacter/passages/文章copy238,文章 copy 238
239,/Users/wulimin/Desktop/WebTextCharacter/passages/文章copy239,文章 copy 239
240,/Users/wulimin/Desktop/WebTextCharacter/passages/文章copy240,文章 copy 240
241,/Users/wulimin/Desktop/WebTextCharacter/passages/文章copy241,文章 copy 241
242,/Users/wulimin/Desktop/WebTextCharacter/passages/文章copy242,文章 copy 242
243,/Users/wulimin/Desktop/WebTextCharacter/passages/文章copy243,文章 copy 243
244,/Users/wulimin/Desktop/WebTextCharacter/passages/文章copy244,文章 copy 244
245,/Users/wulimin/Desktop/WebTextCharacter/passages/文章copy245,文章 copy 245
246,/Users/wulimin/Desktop/WebTextCharacter/passages/文章copy246,文章 copy 246
247,/Users/wulimin/Desktop/WebTextCharacter/passages/文章copy247,文章 copy 247
248,/Users/wulimin/Desktop/WebTextCharacter/passages/文章copy248,文章 copy 248
249,/Users/wulimin/Desktop/WebTextCharacter/passages/文章copy249,文章 copy 249
250,/Users/wulimin/Desktop/WebTextCharacter/passages/文章copy250,文章 copy 250
251,/Users/wulimin/Desktop/WebTextCharacter/passages/文章copy251,文章 copy 251
252,/Users/wulimin/Desktop/WebTextCharacter/passages/文章copy252,文章 copy 252
253,/Users/wulimin/Desktop/WebTextCharacter/passages/文章copy253,文章 copy 253
254,/Users/wulimin/Desktop/WebTextCharacter/passages/文章copy254,文章 copy 254
